{
  "Version": 1,
  "ManifestType": "Publish",
  "Endpoints": [
    {
      "Route": "3rdpartylicenses.pc1ufwje5y.txt",
      "AssetFile": "3rdpartylicenses.txt",
      "Selectors": [],
      "ResponseHeaders": [
        {
          "Name": "Accept-Ranges",
          "Value": "bytes"
        },
        {
          "Name": "Cache-Control",
          "Value": "max-age=31536000, immutable"
        },
        {
          "Name": "Content-Length",
          "Value": "30367"
        },
        {
          "Name": "Content-Type",
          "Value": "text/plain"
        },
        {
          "Name": "ETag",
          "Value": "\"p/7y9pF8PLL5ogovGwGYZNdJwg1iNqi5QHkJUllaV0w=\""
        },
        {
          "Name": "Last-Modified",
          "Value": "Fri, 29 Aug 2025 13:29:28 GMT"
        }
      ],
      "EndpointProperties": [
        {
          "Name": "fingerprint",
          "Value": "pc1ufwje5y"
        },
        {
          "Name": "integrity",
          "Value": "sha256-p/7y9pF8PLL5ogovGwGYZNdJwg1iNqi5QHkJUllaV0w="
        },
        {
          "Name": "label",
          "Value": "3rdpartylicenses.txt"
        }
      ]
    },
    {
      "Route": "3rdpartylicenses.txt",
      "AssetFile": "3rdpartylicenses.txt",
      "Selectors": [],
      "ResponseHeaders": [
        {
          "Name": "Accept-Ranges",
          "Value": "bytes"
        },
        {
          "Name": "Cache-Control",
          "Value": "no-cache"
        },
        {
          "Name": "Content-Length",
          "Value": "30367"
        },
        {
          "Name": "Content-Type",
          "Value": "text/plain"
        },
        {
          "Name": "ETag",
          "Value": "\"p/7y9pF8PLL5ogovGwGYZNdJwg1iNqi5QHkJUllaV0w=\""
        },
        {
          "Name": "Last-Modified",
          "Value": "Fri, 29 Aug 2025 13:29:28 GMT"
        }
      ],
      "EndpointProperties": [
        {
          "Name": "integrity",
          "Value": "sha256-p/7y9pF8PLL5ogovGwGYZNdJwg1iNqi5QHkJUllaV0w="
        }
      ]
    },
    {
      "Route": "favicon.ico",
      "AssetFile": "favicon.ico",
      "Selectors": [],
      "ResponseHeaders": [
        {
          "Name": "Accept-Ranges",
          "Value": "bytes"
        },
        {
          "Name": "Cache-Control",
          "Value": "max-age=3600, must-revalidate"
        },
        {
          "Name": "Content-Length",
          "Value": "15086"
        },
        {
          "Name": "Content-Type",
          "Value": "image/x-icon"
        },
        {
          "Name": "ETag",
          "Value": "\"+RAr6AKXwFKSB2B75Sd7T5C8qJ1lmI+hdxuRx4lOgV8=\""
        },
        {
          "Name": "Last-Modified",
          "Value": "Sun, 24 Aug 2025 04:19:56 GMT"
        }
      ],
      "EndpointProperties": [
        {
          "Name": "integrity",
          "Value": "sha256-+RAr6AKXwFKSB2B75Sd7T5C8qJ1lmI+hdxuRx4lOgV8="
        }
      ]
    },
    {
      "Route": "favicon.vagikyz9qx.ico",
      "AssetFile": "favicon.ico",
      "Selectors": [],
      "ResponseHeaders": [
        {
          "Name": "Accept-Ranges",
          "Value": "bytes"
        },
        {
          "Name": "Cache-Control",
          "Value": "max-age=31536000, immutable"
        },
        {
          "Name": "Content-Length",
          "Value": "15086"
        },
        {
          "Name": "Content-Type",
          "Value": "image/x-icon"
        },
        {
          "Name": "ETag",
          "Value": "\"+RAr6AKXwFKSB2B75Sd7T5C8qJ1lmI+hdxuRx4lOgV8=\""
        },
        {
          "Name": "Last-Modified",
          "Value": "Sun, 24 Aug 2025 04:19:56 GMT"
        }
      ],
      "EndpointProperties": [
        {
          "Name": "fingerprint",
          "Value": "vagikyz9qx"
        },
        {
          "Name": "integrity",
          "Value": "sha256-+RAr6AKXwFKSB2B75Sd7T5C8qJ1lmI+hdxuRx4lOgV8="
        },
        {
          "Name": "label",
          "Value": "favicon.ico"
        }
      ]
    },
    {
      "Route": "index.8tdua9lw00.html",
      "AssetFile": "index.html",
      "Selectors": [],
      "ResponseHeaders": [
        {
          "Name": "Accept-Ranges",
          "Value": "bytes"
        },
        {
          "Name": "Cache-Control",
          "Value": "max-age=31536000, immutable"
        },
        {
          "Name": "Content-Length",
          "Value": "14335"
        },
        {
          "Name": "Content-Type",
          "Value": "text/html"
        },
        {
          "Name": "ETag",
          "Value": "\"bP+pmHtO6SIFby99GxWRPce+5Z0fO6DYrldFEeErR04=\""
        },
        {
          "Name": "Last-Modified",
          "Value": "Fri, 29 Aug 2025 13:29:29 GMT"
        }
      ],
      "EndpointProperties": [
        {
          "Name": "fingerprint",
          "Value": "8tdua9lw00"
        },
        {
          "Name": "integrity",
          "Value": "sha256-bP+pmHtO6SIFby99GxWRPce+5Z0fO6DYrldFEeErR04="
        },
        {
          "Name": "label",
          "Value": "index.html"
        }
      ]
    },
    {
      "Route": "index.html",
      "AssetFile": "index.html",
      "Selectors": [],
      "ResponseHeaders": [
        {
          "Name": "Accept-Ranges",
          "Value": "bytes"
        },
        {
          "Name": "Cache-Control",
          "Value": "no-cache"
        },
        {
          "Name": "Content-Length",
          "Value": "14335"
        },
        {
          "Name": "Content-Type",
          "Value": "text/html"
        },
        {
          "Name": "ETag",
          "Value": "\"bP+pmHtO6SIFby99GxWRPce+5Z0fO6DYrldFEeErR04=\""
        },
        {
          "Name": "Last-Modified",
          "Value": "Fri, 29 Aug 2025 13:29:29 GMT"
        }
      ],
      "EndpointProperties": [
        {
          "Name": "integrity",
          "Value": "sha256-bP+pmHtO6SIFby99GxWRPce+5Z0fO6DYrldFEeErR04="
        }
      ]
    },
    {
      "Route": "main.fvzj8vijxp.js",
      "AssetFile": "main.js",
      "Selectors": [],
      "ResponseHeaders": [
        {
          "Name": "Accept-Ranges",
          "Value": "bytes"
        },
        {
          "Name": "Cache-Control",
          "Value": "max-age=31536000, immutable"
        },
        {
          "Name": "Content-Length",
          "Value": "380930"
        },
        {
          "Name": "Content-Type",
          "Value": "text/javascript"
        },
        {
          "Name": "ETag",
          "Value": "\"pf/ntVpM+tSM+k1Fe2f8d0bRhdZ27U1nnx86dl73g1Y=\""
        },
        {
          "Name": "Last-Modified",
          "Value": "Fri, 29 Aug 2025 13:29:28 GMT"
        }
      ],
      "EndpointProperties": [
        {
          "Name": "fingerprint",
          "Value": "fvzj8vijxp"
        },
        {
          "Name": "integrity",
          "Value": "sha256-pf/ntVpM+tSM+k1Fe2f8d0bRhdZ27U1nnx86dl73g1Y="
        },
        {
          "Name": "label",
          "Value": "main.js"
        }
      ]
    },
    {
      "Route": "main.js",
      "AssetFile": "main.js",
      "Selectors": [],
      "ResponseHeaders": [
        {
          "Name": "Accept-Ranges",
          "Value": "bytes"
        },
        {
          "Name": "Cache-Control",
          "Value": "no-cache"
        },
        {
          "Name": "Content-Length",
          "Value": "380930"
        },
        {
          "Name": "Content-Type",
          "Value": "text/javascript"
        },
        {
          "Name": "ETag",
          "Value": "\"pf/ntVpM+tSM+k1Fe2f8d0bRhdZ27U1nnx86dl73g1Y=\""
        },
        {
          "Name": "Last-Modified",
          "Value": "Fri, 29 Aug 2025 13:29:28 GMT"
        }
      ],
      "EndpointProperties": [
        {
          "Name": "integrity",
          "Value": "sha256-pf/ntVpM+tSM+k1Fe2f8d0bRhdZ27U1nnx86dl73g1Y="
        }
      ]
    },
    {
      "Route": "polyfills.js",
      "AssetFile": "polyfills.js",
      "Selectors": [],
      "ResponseHeaders": [
        {
          "Name": "Accept-Ranges",
          "Value": "bytes"
        },
        {
          "Name": "Cache-Control",
          "Value": "no-cache"
        },
        {
          "Name": "Content-Length",
          "Value": "34834"
        },
        {
          "Name": "Content-Type",
          "Value": "text/javascript"
        },
        {
          "Name": "ETag",
          "Value": "\"C7CY85vDpzvQXKAf9xnmKjRqxerimqnCGi0wTuYxz0s=\""
        },
        {
          "Name": "Last-Modified",
          "Value": "Fri, 29 Aug 2025 13:29:28 GMT"
        }
      ],
      "EndpointProperties": [
        {
          "Name": "integrity",
          "Value": "sha256-C7CY85vDpzvQXKAf9xnmKjRqxerimqnCGi0wTuYxz0s="
        }
      ]
    },
    {
      "Route": "polyfills.loogrhtzfz.js",
      "AssetFile": "polyfills.js",
      "Selectors": [],
      "ResponseHeaders": [
        {
          "Name": "Accept-Ranges",
          "Value": "bytes"
        },
        {
          "Name": "Cache-Control",
          "Value": "max-age=31536000, immutable"
        },
        {
          "Name": "Content-Length",
          "Value": "34834"
        },
        {
          "Name": "Content-Type",
          "Value": "text/javascript"
        },
        {
          "Name": "ETag",
          "Value": "\"C7CY85vDpzvQXKAf9xnmKjRqxerimqnCGi0wTuYxz0s=\""
        },
        {
          "Name": "Last-Modified",
          "Value": "Fri, 29 Aug 2025 13:29:28 GMT"
        }
      ],
      "EndpointProperties": [
        {
          "Name": "fingerprint",
          "Value": "loogrhtzfz"
        },
        {
          "Name": "integrity",
          "Value": "sha256-C7CY85vDpzvQXKAf9xnmKjRqxerimqnCGi0wTuYxz0s="
        },
        {
          "Name": "label",
          "Value": "polyfills.js"
        }
      ]
    },
    {
      "Route": "runtime.js",
      "AssetFile": "runtime.js",
      "Selectors": [],
      "ResponseHeaders": [
        {
          "Name": "Accept-Ranges",
          "Value": "bytes"
        },
        {
          "Name": "Cache-Control",
          "Value": "no-cache"
        },
        {
          "Name": "Content-Length",
          "Value": "1115"
        },
        {
          "Name": "Content-Type",
          "Value": "text/javascript"
        },
        {
          "Name": "ETag",
          "Value": "\"qeFqmo9Vg8SVYUHnb2dOIdJrtOeNVNPaAIgInKIVrTs=\""
        },
        {
          "Name": "Last-Modified",
          "Value": "Fri, 29 Aug 2025 13:29:28 GMT"
        }
      ],
      "EndpointProperties": [
        {
          "Name": "integrity",
          "Value": "sha256-qeFqmo9Vg8SVYUHnb2dOIdJrtOeNVNPaAIgInKIVrTs="
        }
      ]
    },
    {
      "Route": "runtime.noug3vafip.js",
      "AssetFile": "runtime.js",
      "Selectors": [],
      "ResponseHeaders": [
        {
          "Name": "Accept-Ranges",
          "Value": "bytes"
        },
        {
          "Name": "Cache-Control",
          "Value": "max-age=31536000, immutable"
        },
        {
          "Name": "Content-Length",
          "Value": "1115"
        },
        {
          "Name": "Content-Type",
          "Value": "text/javascript"
        },
        {
          "Name": "ETag",
          "Value": "\"qeFqmo9Vg8SVYUHnb2dOIdJrtOeNVNPaAIgInKIVrTs=\""
        },
        {
          "Name": "Last-Modified",
          "Value": "Fri, 29 Aug 2025 13:29:28 GMT"
        }
      ],
      "EndpointProperties": [
        {
          "Name": "fingerprint",
          "Value": "noug3vafip"
        },
        {
          "Name": "integrity",
          "Value": "sha256-qeFqmo9Vg8SVYUHnb2dOIdJrtOeNVNPaAIgInKIVrTs="
        },
        {
          "Name": "label",
          "Value": "runtime.js"
        }
      ]
    },
    {
      "Route": "styles.3pp5h3ink5.css",
      "AssetFile": "styles.css",
      "Selectors": [],
      "ResponseHeaders": [
        {
          "Name": "Accept-Ranges",
          "Value": "bytes"
        },
        {
          "Name": "Cache-Control",
          "Value": "max-age=31536000, immutable"
        },
        {
          "Name": "Content-Length",
          "Value": "225820"
        },
        {
          "Name": "Content-Type",
          "Value": "text/css"
        },
        {
          "Name": "ETag",
          "Value": "\"V472QJgnHi0Fkc//NXwIUf4w7UAb7WqD6U0khvne5nM=\""
        },
        {
          "Name": "Last-Modified",
          "Value": "Fri, 29 Aug 2025 13:29:28 GMT"
        }
      ],
      "EndpointProperties": [
        {
          "Name": "fingerprint",
          "Value": "3pp5h3ink5"
        },
        {
          "Name": "integrity",
          "Value": "sha256-V472QJgnHi0Fkc//NXwIUf4w7UAb7WqD6U0khvne5nM="
        },
        {
          "Name": "label",
          "Value": "styles.css"
        }
      ]
    },
    {
      "Route": "styles.css",
      "AssetFile": "styles.css",
      "Selectors": [],
      "ResponseHeaders": [
        {
          "Name": "Accept-Ranges",
          "Value": "bytes"
        },
        {
          "Name": "Cache-Control",
          "Value": "no-cache"
        },
        {
          "Name": "Content-Length",
          "Value": "225820"
        },
        {
          "Name": "Content-Type",
          "Value": "text/css"
        },
        {
          "Name": "ETag",
          "Value": "\"V472QJgnHi0Fkc//NXwIUf4w7UAb7WqD6U0khvne5nM=\""
        },
        {
          "Name": "Last-Modified",
          "Value": "Fri, 29 Aug 2025 13:29:28 GMT"
        }
      ],
      "EndpointProperties": [
        {
          "Name": "integrity",
          "Value": "sha256-V472QJgnHi0Fkc//NXwIUf4w7UAb7WqD6U0khvne5nM="
        }
      ]
    }
  ]
}