{
  "Version": 1,
  "ManifestType": "Publish",
  "Endpoints": [
    {
      "Route": "3rdpartylicenses.txt",
      "AssetFile": "3rdpartylicenses.txt",
      "Selectors": [],
      "ResponseHeaders": [
        {
          "Name": "Accept-Ranges",
          "Value": "bytes"
        },
        {
          "Name": "Cache-Control",
          "Value": "no-cache"
        },
        {
          "Name": "Content-Length",
          "Value": "28134"
        },
        {
          "Name": "Content-Type",
          "Value": "text/plain"
        },
        {
          "Name": "ETag",
          "Value": "\"gLzhreNBtALpXZiQfE6n3BHnD7L4b6UiuRqaL0/vp4U=\""
        },
        {
          "Name": "Last-Modified",
          "Value": "Sat, 23 Aug 2025 04:56:57 GMT"
        }
      ],
      "EndpointProperties": [
        {
          "Name": "integrity",
          "Value": "sha256-gLzhreNBtALpXZiQfE6n3BHnD7L4b6UiuRqaL0/vp4U="
        }
      ]
    },
    {
      "Route": "3rdpartylicenses.w06cyq902o.txt",
      "AssetFile": "3rdpartylicenses.txt",
      "Selectors": [],
      "ResponseHeaders": [
        {
          "Name": "Accept-Ranges",
          "Value": "bytes"
        },
        {
          "Name": "Cache-Control",
          "Value": "max-age=31536000, immutable"
        },
        {
          "Name": "Content-Length",
          "Value": "28134"
        },
        {
          "Name": "Content-Type",
          "Value": "text/plain"
        },
        {
          "Name": "ETag",
          "Value": "\"gLzhreNBtALpXZiQfE6n3BHnD7L4b6UiuRqaL0/vp4U=\""
        },
        {
          "Name": "Last-Modified",
          "Value": "Sat, 23 Aug 2025 04:56:57 GMT"
        }
      ],
      "EndpointProperties": [
        {
          "Name": "fingerprint",
          "Value": "w06cyq902o"
        },
        {
          "Name": "integrity",
          "Value": "sha256-gLzhreNBtALpXZiQfE6n3BHnD7L4b6UiuRqaL0/vp4U="
        },
        {
          "Name": "label",
          "Value": "3rdpartylicenses.txt"
        }
      ]
    },
    {
      "Route": "favicon.ico",
      "AssetFile": "favicon.ico",
      "Selectors": [],
      "ResponseHeaders": [
        {
          "Name": "Accept-Ranges",
          "Value": "bytes"
        },
        {
          "Name": "Cache-Control",
          "Value": "max-age=3600, must-revalidate"
        },
        {
          "Name": "Content-Length",
          "Value": "15086"
        },
        {
          "Name": "Content-Type",
          "Value": "image/x-icon"
        },
        {
          "Name": "ETag",
          "Value": "\"+RAr6AKXwFKSB2B75Sd7T5C8qJ1lmI+hdxuRx4lOgV8=\""
        },
        {
          "Name": "Last-Modified",
          "Value": "Fri, 22 Aug 2025 05:56:43 GMT"
        }
      ],
      "EndpointProperties": [
        {
          "Name": "integrity",
          "Value": "sha256-+RAr6AKXwFKSB2B75Sd7T5C8qJ1lmI+hdxuRx4lOgV8="
        }
      ]
    },
    {
      "Route": "favicon.vagikyz9qx.ico",
      "AssetFile": "favicon.ico",
      "Selectors": [],
      "ResponseHeaders": [
        {
          "Name": "Accept-Ranges",
          "Value": "bytes"
        },
        {
          "Name": "Cache-Control",
          "Value": "max-age=31536000, immutable"
        },
        {
          "Name": "Content-Length",
          "Value": "15086"
        },
        {
          "Name": "Content-Type",
          "Value": "image/x-icon"
        },
        {
          "Name": "ETag",
          "Value": "\"+RAr6AKXwFKSB2B75Sd7T5C8qJ1lmI+hdxuRx4lOgV8=\""
        },
        {
          "Name": "Last-Modified",
          "Value": "Fri, 22 Aug 2025 05:56:43 GMT"
        }
      ],
      "EndpointProperties": [
        {
          "Name": "fingerprint",
          "Value": "vagikyz9qx"
        },
        {
          "Name": "integrity",
          "Value": "sha256-+RAr6AKXwFKSB2B75Sd7T5C8qJ1lmI+hdxuRx4lOgV8="
        },
        {
          "Name": "label",
          "Value": "favicon.ico"
        }
      ]
    },
    {
      "Route": "index.4xte06c4jn.html",
      "AssetFile": "index.html",
      "Selectors": [],
      "ResponseHeaders": [
        {
          "Name": "Accept-Ranges",
          "Value": "bytes"
        },
        {
          "Name": "Cache-Control",
          "Value": "max-age=31536000, immutable"
        },
        {
          "Name": "Content-Length",
          "Value": "14420"
        },
        {
          "Name": "Content-Type",
          "Value": "text/html"
        },
        {
          "Name": "ETag",
          "Value": "\"CNk4eTH//1rmJ1CvqB+dYRkz7TPDzYSkCzZsxnc2kqc=\""
        },
        {
          "Name": "Last-Modified",
          "Value": "Sat, 23 Aug 2025 04:56:58 GMT"
        }
      ],
      "EndpointProperties": [
        {
          "Name": "fingerprint",
          "Value": "4xte06c4jn"
        },
        {
          "Name": "integrity",
          "Value": "sha256-CNk4eTH//1rmJ1CvqB+dYRkz7TPDzYSkCzZsxnc2kqc="
        },
        {
          "Name": "label",
          "Value": "index.html"
        }
      ]
    },
    {
      "Route": "index.html",
      "AssetFile": "index.html",
      "Selectors": [],
      "ResponseHeaders": [
        {
          "Name": "Accept-Ranges",
          "Value": "bytes"
        },
        {
          "Name": "Cache-Control",
          "Value": "no-cache"
        },
        {
          "Name": "Content-Length",
          "Value": "14420"
        },
        {
          "Name": "Content-Type",
          "Value": "text/html"
        },
        {
          "Name": "ETag",
          "Value": "\"CNk4eTH//1rmJ1CvqB+dYRkz7TPDzYSkCzZsxnc2kqc=\""
        },
        {
          "Name": "Last-Modified",
          "Value": "Sat, 23 Aug 2025 04:56:58 GMT"
        }
      ],
      "EndpointProperties": [
        {
          "Name": "integrity",
          "Value": "sha256-CNk4eTH//1rmJ1CvqB+dYRkz7TPDzYSkCzZsxnc2kqc="
        }
      ]
    },
    {
      "Route": "main.ae3fd646d44c873f.js",
      "AssetFile": "main.ae3fd646d44c873f.js",
      "Selectors": [],
      "ResponseHeaders": [
        {
          "Name": "Accept-Ranges",
          "Value": "bytes"
        },
        {
          "Name": "Cache-Control",
          "Value": "no-cache"
        },
        {
          "Name": "Content-Length",
          "Value": "336804"
        },
        {
          "Name": "Content-Type",
          "Value": "text/javascript"
        },
        {
          "Name": "ETag",
          "Value": "\"NMW1lHeG1TQoTjrNuBhz/kei/lZgfJOkmNl7rG6lr3s=\""
        },
        {
          "Name": "Last-Modified",
          "Value": "Sat, 23 Aug 2025 04:56:57 GMT"
        }
      ],
      "EndpointProperties": [
        {
          "Name": "integrity",
          "Value": "sha256-NMW1lHeG1TQoTjrNuBhz/kei/lZgfJOkmNl7rG6lr3s="
        }
      ]
    },
    {
      "Route": "main.ae3fd646d44c873f.wdca4tdecv.js",
      "AssetFile": "main.ae3fd646d44c873f.js",
      "Selectors": [],
      "ResponseHeaders": [
        {
          "Name": "Accept-Ranges",
          "Value": "bytes"
        },
        {
          "Name": "Cache-Control",
          "Value": "max-age=31536000, immutable"
        },
        {
          "Name": "Content-Length",
          "Value": "336804"
        },
        {
          "Name": "Content-Type",
          "Value": "text/javascript"
        },
        {
          "Name": "ETag",
          "Value": "\"NMW1lHeG1TQoTjrNuBhz/kei/lZgfJOkmNl7rG6lr3s=\""
        },
        {
          "Name": "Last-Modified",
          "Value": "Sat, 23 Aug 2025 04:56:57 GMT"
        }
      ],
      "EndpointProperties": [
        {
          "Name": "fingerprint",
          "Value": "wdca4tdecv"
        },
        {
          "Name": "integrity",
          "Value": "sha256-NMW1lHeG1TQoTjrNuBhz/kei/lZgfJOkmNl7rG6lr3s="
        },
        {
          "Name": "label",
          "Value": "main.ae3fd646d44c873f.js"
        }
      ]
    },
    {
      "Route": "polyfills.e26c93c8d3e2762c.js",
      "AssetFile": "polyfills.e26c93c8d3e2762c.js",
      "Selectors": [],
      "ResponseHeaders": [
        {
          "Name": "Accept-Ranges",
          "Value": "bytes"
        },
        {
          "Name": "Cache-Control",
          "Value": "no-cache"
        },
        {
          "Name": "Content-Length",
          "Value": "34834"
        },
        {
          "Name": "Content-Type",
          "Value": "text/javascript"
        },
        {
          "Name": "ETag",
          "Value": "\"C7CY85vDpzvQXKAf9xnmKjRqxerimqnCGi0wTuYxz0s=\""
        },
        {
          "Name": "Last-Modified",
          "Value": "Sat, 23 Aug 2025 04:56:57 GMT"
        }
      ],
      "EndpointProperties": [
        {
          "Name": "integrity",
          "Value": "sha256-C7CY85vDpzvQXKAf9xnmKjRqxerimqnCGi0wTuYxz0s="
        }
      ]
    },
    {
      "Route": "polyfills.e26c93c8d3e2762c.loogrhtzfz.js",
      "AssetFile": "polyfills.e26c93c8d3e2762c.js",
      "Selectors": [],
      "ResponseHeaders": [
        {
          "Name": "Accept-Ranges",
          "Value": "bytes"
        },
        {
          "Name": "Cache-Control",
          "Value": "max-age=31536000, immutable"
        },
        {
          "Name": "Content-Length",
          "Value": "34834"
        },
        {
          "Name": "Content-Type",
          "Value": "text/javascript"
        },
        {
          "Name": "ETag",
          "Value": "\"C7CY85vDpzvQXKAf9xnmKjRqxerimqnCGi0wTuYxz0s=\""
        },
        {
          "Name": "Last-Modified",
          "Value": "Sat, 23 Aug 2025 04:56:57 GMT"
        }
      ],
      "EndpointProperties": [
        {
          "Name": "fingerprint",
          "Value": "loogrhtzfz"
        },
        {
          "Name": "integrity",
          "Value": "sha256-C7CY85vDpzvQXKAf9xnmKjRqxerimqnCGi0wTuYxz0s="
        },
        {
          "Name": "label",
          "Value": "polyfills.e26c93c8d3e2762c.js"
        }
      ]
    },
    {
      "Route": "runtime.7c80528fd1b0cd6b.js",
      "AssetFile": "runtime.7c80528fd1b0cd6b.js",
      "Selectors": [],
      "ResponseHeaders": [
        {
          "Name": "Accept-Ranges",
          "Value": "bytes"
        },
        {
          "Name": "Cache-Control",
          "Value": "no-cache"
        },
        {
          "Name": "Content-Length",
          "Value": "1115"
        },
        {
          "Name": "Content-Type",
          "Value": "text/javascript"
        },
        {
          "Name": "ETag",
          "Value": "\"qeFqmo9Vg8SVYUHnb2dOIdJrtOeNVNPaAIgInKIVrTs=\""
        },
        {
          "Name": "Last-Modified",
          "Value": "Sat, 23 Aug 2025 04:56:57 GMT"
        }
      ],
      "EndpointProperties": [
        {
          "Name": "integrity",
          "Value": "sha256-qeFqmo9Vg8SVYUHnb2dOIdJrtOeNVNPaAIgInKIVrTs="
        }
      ]
    },
    {
      "Route": "runtime.7c80528fd1b0cd6b.noug3vafip.js",
      "AssetFile": "runtime.7c80528fd1b0cd6b.js",
      "Selectors": [],
      "ResponseHeaders": [
        {
          "Name": "Accept-Ranges",
          "Value": "bytes"
        },
        {
          "Name": "Cache-Control",
          "Value": "max-age=31536000, immutable"
        },
        {
          "Name": "Content-Length",
          "Value": "1115"
        },
        {
          "Name": "Content-Type",
          "Value": "text/javascript"
        },
        {
          "Name": "ETag",
          "Value": "\"qeFqmo9Vg8SVYUHnb2dOIdJrtOeNVNPaAIgInKIVrTs=\""
        },
        {
          "Name": "Last-Modified",
          "Value": "Sat, 23 Aug 2025 04:56:57 GMT"
        }
      ],
      "EndpointProperties": [
        {
          "Name": "fingerprint",
          "Value": "noug3vafip"
        },
        {
          "Name": "integrity",
          "Value": "sha256-qeFqmo9Vg8SVYUHnb2dOIdJrtOeNVNPaAIgInKIVrTs="
        },
        {
          "Name": "label",
          "Value": "runtime.7c80528fd1b0cd6b.js"
        }
      ]
    },
    {
      "Route": "styles.92c2c4870f025a2f.3pp5h3ink5.css",
      "AssetFile": "styles.92c2c4870f025a2f.css",
      "Selectors": [],
      "ResponseHeaders": [
        {
          "Name": "Accept-Ranges",
          "Value": "bytes"
        },
        {
          "Name": "Cache-Control",
          "Value": "max-age=31536000, immutable"
        },
        {
          "Name": "Content-Length",
          "Value": "225820"
        },
        {
          "Name": "Content-Type",
          "Value": "text/css"
        },
        {
          "Name": "ETag",
          "Value": "\"V472QJgnHi0Fkc//NXwIUf4w7UAb7WqD6U0khvne5nM=\""
        },
        {
          "Name": "Last-Modified",
          "Value": "Sat, 23 Aug 2025 04:56:57 GMT"
        }
      ],
      "EndpointProperties": [
        {
          "Name": "fingerprint",
          "Value": "3pp5h3ink5"
        },
        {
          "Name": "integrity",
          "Value": "sha256-V472QJgnHi0Fkc//NXwIUf4w7UAb7WqD6U0khvne5nM="
        },
        {
          "Name": "label",
          "Value": "styles.92c2c4870f025a2f.css"
        }
      ]
    },
    {
      "Route": "styles.92c2c4870f025a2f.css",
      "AssetFile": "styles.92c2c4870f025a2f.css",
      "Selectors": [],
      "ResponseHeaders": [
        {
          "Name": "Accept-Ranges",
          "Value": "bytes"
        },
        {
          "Name": "Cache-Control",
          "Value": "no-cache"
        },
        {
          "Name": "Content-Length",
          "Value": "225820"
        },
        {
          "Name": "Content-Type",
          "Value": "text/css"
        },
        {
          "Name": "ETag",
          "Value": "\"V472QJgnHi0Fkc//NXwIUf4w7UAb7WqD6U0khvne5nM=\""
        },
        {
          "Name": "Last-Modified",
          "Value": "Sat, 23 Aug 2025 04:56:57 GMT"
        }
      ],
      "EndpointProperties": [
        {
          "Name": "integrity",
          "Value": "sha256-V472QJgnHi0Fkc//NXwIUf4w7UAb7WqD6U0khvne5nM="
        }
      ]
    }
  ]
}